movie_ID,streaming_ID
1,1
10,1
100,1
1000,1
1001,1
1001,3
1002,1
1003,1
1004,1
1005,1
1005,2
1006,1
1007,1
1007,2
1008,1
1009,1
101,1
1010,1
1011,1
1012,1
1012,2
1013,1
1014,1
1015,1
1016,1
1017,1
1017,3
1018,1
1019,1
102,1
1020,1
1021,1
1022,1
1023,1
1023,3
1024,1
1025,1
1026,1
1027,1
1028,1
1029,1
103,1
103,2
1030,1
1031,1
1032,1
1033,1
1034,1
1034,3
1035,1
1036,1
1037,1
1037,2
1038,1
1039,1
104,1
104,2
1040,1
1041,1
1042,1
1043,1
1044,1
1045,1
1046,1
1047,1
1048,1
1049,1
105,1
105,2
105,3
1050,1
1051,1
1052,1
1053,1
1054,1
1055,1
1056,1
1057,1
1058,1
1059,1
106,1
1060,1
1061,1
1062,1
1063,1
1064,1
1065,1
1066,1
1067,1
1067,3
1068,1
1069,1
107,1
1070,1
1071,1
1072,1
1073,1
1074,1
1075,1
1076,1
1077,1
1078,1
1079,1
108,1
1080,1
1081,1
1082,1
1083,1
1084,1
1085,1
1086,1
1087,1
1088,1
1089,1
109,1
1090,1
1091,1
1092,1
1093,1
1094,1
1095,1
1096,1
1097,1
1098,1
1099,1
11,1
110,1
1100,1
1101,1
1102,1
1103,1
1104,1
1105,1
1106,1
1106,2
1107,1
1108,1
1108,2
1109,1
111,1
1110,1
1111,1
1112,1
1113,1
1114,1
1115,1
1116,1
1117,1
1118,1
1119,1
112,1
1120,1
1121,1
1121,3
1122,1
1123,1
1124,1
1125,1
1126,1
1127,1
1128,1
1129,1
113,1
113,2
1130,1
1131,1
1132,1
1132,2
1132,3
1133,1
1134,1
1135,1
1136,1
1137,1
1138,1
1139,1
114,1
1140,1
1141,1
1142,1
1143,1
1143,2
1144,1
1145,1
1146,1
1147,1
1148,1
1149,1
115,1
1150,1
1151,1
1152,1
1153,1
1154,1
1155,1
1156,1
1156,3
1157,1
1158,1
1159,1
116,1
1160,1
1161,1
1162,1
1163,1
1164,1
1165,1
1166,1
1167,1
1168,1
1169,1
117,1
1170,1
1170,2
1171,1
1172,1
1173,1
1174,1
1175,1
1175,2
1176,1
1177,1
1178,1
1179,1
118,1
1180,1
1181,1
1181,3
1182,1
1182,2
1183,1
1184,1
1185,1
1186,1
1187,1
1188,1
1189,1
1189,2
1189,3
119,1
1190,1
1191,1
1192,1
1193,1
1194,1
1194,3
1195,1
1196,1
1197,1
1197,3
1198,1
1199,1
12,1
12,2
12,3
120,1
1200,1
1201,1
1202,1
1203,1
1203,2
1203,3
1204,1
1205,1
1206,1
1207,1
1208,1
1209,1
121,1
1210,1
1211,1
1212,1
1213,1
1214,1
1215,1
1216,1
1216,3
1217,1
1218,1
1219,1
122,1
1220,1
1221,1
1222,1
1222,1
1223,1
1224,1
1225,1
1226,1
1227,1
1228,1
1229,1
123,1
123,2
1230,1
1231,1
1232,1
1233,1
1233,2
1234,1
1235,1
1236,1
1237,1
1238,1
1239,1
124,1
1240,1
1241,1
1242,1
1243,1
1244,1
1245,1
1246,1
1247,1
1248,1
1249,1
125,1
1250,1
1250,3
1251,1
1251,2
1252,1
1253,1
1254,1
1255,1
1256,1
1256,3
1257,1
1258,1
1259,1
126,1
1260,1
1261,1
1262,1
1263,1
1264,1
1265,1
1266,1
1267,1
1268,1
1269,1
127,1
1270,1
1271,1
1272,1
1273,1
1274,1
1275,1
1276,1
1277,1
1278,1
1279,1
128,1
1280,1
1281,1
1282,1
1283,1
1284,1
1285,1
1286,1
1287,1
1288,1
1289,1
129,1
1290,1
1291,1
1292,1
1293,1
1294,1
1295,1
1296,1
1297,1
1298,1
1299,1
13,1
130,1
1300,1
1300,3
1301,1
1302,1
1303,1
1304,1
1305,1
1306,1
1307,1
1308,1
1309,1
131,1
1310,1
1311,1
1312,1
1313,1
1314,1
1315,1
1316,1
1317,1
1318,1
1319,1
132,1
1320,1
1321,1
1322,1
1323,1
1323,3
1324,1
1325,1
1326,1
1327,1
1328,1
1329,1
133,1
1331,1
1332,1
1333,1
1334,1
1335,1
1336,1
1337,1
1338,1
1339,1
134,1
1340,1
1341,1
1342,1
1343,1
1344,1
1345,1
1346,1
1347,1
1348,1
1349,1
135,1
1350,1
1351,1
1352,1
1353,1
1354,1
1355,1
1356,1
1357,1
1358,1
1359,1
136,1
136,3
1360,1
1361,1
1362,1
1363,1
1364,1
1365,1
1366,1
1367,1
1368,1
1369,1
137,1
137,2
137,3
1370,1
1371,1
1372,1
1373,1
1374,1
1375,1
1376,1
1377,1
1378,1
1379,1
138,1
1380,1
1381,1
1382,1
1383,1
1384,1
1385,1
1386,1
1386,3
1387,1
1388,1
1388,3
139,1
1390,1
1391,1
1391,3
1392,1
1393,1
1394,1
1395,1
1396,1
1397,1
1398,1
1399,1
14,1
14,2
14,3
140,1
1400,1
1400,2
1401,1
1402,1
1403,1
1404,1
1405,1
1406,1
1407,1
1408,1
1409,1
141,1
1410,1
1411,1
1412,1
1413,1
1414,1
1415,1
1416,1
1418,1
1419,1
1419,3
142,1
1420,1
1421,1
1422,1
1423,1
1423,3
1424,1
1425,1
1426,1
1427,1
1428,1
1429,1
143,1
1430,1
1431,1
1432,1
1433,1
1434,1
1435,1
1436,1
1437,1
1438,1
1439,1
1439,3
144,1
1440,1
1441,1
1442,1
1443,1
1444,1
1445,1
1446,1
1447,1
1448,1
1449,1
145,1
145,2
1450,1
1450,3
1451,1
1452,1
1453,1
1454,1
1455,1
1456,1
1456,3
1457,1
1458,1
1459,1
146,1
1460,1
1461,1
1462,1
1463,1
1464,1
1465,1
1466,1
1467,1
1468,1
1469,1
147,1
147,3
1470,1
1471,1
1472,1
1473,1
1474,1
1475,1
1476,1
1477,1
1478,1
1479,1
148,1
148,2
1480,1
1481,1
1482,1
1483,1
1484,1
1485,1
1486,1
1487,1
1488,1
1489,1
149,1
149,3
1490,1
1491,1
1492,1
1493,1
1493,3
1494,1
1495,1
1496,1
1497,1
1498,1
1499,1
15,1
150,1
1500,1
1501,1
1501,3
1502,1
1503,1
1504,1
1505,1
1506,1
1507,1
1508,1
1509,1
151,1
1510,1
1511,1
1512,1
1513,1
1514,1
1514,2
1515,1
1516,1
1517,1
1518,1
1519,1
152,1
1520,1
1521,1
1522,1
1523,1
1524,1
1525,1
1526,1
1526,3
1527,1
1528,1
1529,1
153,1
1530,1
1531,1
1532,1
1533,1
1534,1
1535,1
1536,1
1537,1
1538,1
1539,1
154,1
1540,1
1541,1
1542,1
1543,1
1544,1
1545,1
1545,3
1546,1
1547,1
1548,1
1549,1
155,1
1550,1
1551,1
1552,1
1553,1
1554,1
1555,1
1556,1
1557,1
1558,1
1559,1
156,1
1560,1
1561,1
1562,1
1563,1
1564,1
1565,1
1566,1
1567,1
1568,1
1569,1
157,1
1570,1
1571,1
1572,1
1573,1
1574,1
1575,1
1575,3
1576,1
1577,1
1578,1
1579,1
158,1
1580,1
1581,1
1582,1
1583,1
1584,1
1584,2
1584,3
1585,1
1586,1
1586,1
1587,1
1588,1
1589,1
159,1
1590,1
1591,1
1592,1
1593,1
1594,1
1595,1
1596,1
1597,1
1598,1
1599,1
16,1
160,1
1600,1
1601,1
1602,1
1603,1
1604,1
1605,1
1606,1
1606,2
1607,1
1608,1
1609,1
161,1
1610,1
1611,1
1612,1
1613,1
1614,1
1614,3
1615,1
1615,2
1615,3
1616,1
1617,1
1618,1
1619,1
162,1
1620,1
1621,1
1622,1
1623,1
1624,1
1625,1
1626,1
1627,1
1628,1
1629,1
163,1
1630,1
1631,1
1632,1
1633,1
1634,1
1635,1
1636,1
1637,1
1638,1
1639,1
164,1
1640,1
1641,1
1642,1
1642,3
1643,1
1644,1
1645,1
1646,1
1647,1
1648,1
1649,1
165,1
1650,1
1651,1
1652,1
1653,1
1654,1
1655,1
1656,1
1656,3
1657,1
1658,1
1659,1
166,1
1660,1
1661,1
1662,1
1663,1
1664,1
1665,1
1666,1
1667,1
1668,1
1669,1
167,1
1670,1
1670,1
1671,1
1672,1
1673,1
1674,1
1675,1
1676,1
1677,1
1678,1
1679,1
168,1
1680,1
1681,1
1682,1
1683,1
1684,1
1685,1
1686,1
1687,1
1688,1
1689,1
169,1
1690,1
1691,1
1692,1
1693,1
1694,1
1695,1
1696,1
1697,1
1698,1
1699,1
17,1
170,1
1700,1
1701,1
1702,1
1703,1
1704,1
1705,1
1706,1
1707,1
1708,1
1709,1
171,1
171,3
1710,1
1711,1
1712,1
1713,1
1714,1
1715,1
1716,1
1717,1
1718,1
1719,1
172,1
1720,1
1721,1
1722,1
1723,1
1724,1
1726,1
1727,1
1728,1
1729,1
173,1
1730,1
1731,1
1732,1
1734,1
1735,1
1736,1
1737,1
1738,1
1739,1
174,1
1740,1
1741,1
1742,1
1743,1
1744,1
1745,1
1746,1
1747,1
1748,1
1749,1
175,1
1750,1
1751,1
1752,1
1753,1
1754,1
1755,1
1756,1
1757,1
1758,1
1759,1
176,1
1760,1
1761,1
1762,1
1763,1
1764,1
1765,1
1766,1
1767,1
1768,1
1769,1
177,1
177,2
177,3
1770,1
1771,1
1772,1
1773,1
1774,1
1775,1
1776,1
1777,1
1778,1
1779,1
178,1
1780,1
1781,1
1782,1
1783,1
1784,1
1784,3
1785,1
1786,1
1787,1
1788,1
1789,1
179,1
179,2
179,3
1790,1
1791,1
1792,1
1793,1
1794,1
1795,1
1796,1
1797,1
1798,1
1799,1
18,1
180,1
1800,1
1801,1
1802,1
1803,1
1804,1
1805,1
1806,1
1807,1
1808,1
1809,1
181,1
1810,1
1811,1
1811,3
1812,1
1813,1
1814,1
1815,1
1816,1
1817,1
1818,1
1819,1
182,1
1820,1
1821,1
1821,2
1822,1
1823,1
1824,1
1825,1
1826,1
1827,1
1828,1
1829,1
183,1
1830,1
1831,1
1832,1
1833,1
1834,1
1835,1
1836,1
1837,1
1838,1
1839,1
184,1
1840,1
1841,1
1842,1
1843,1
1844,1
1845,1
1846,1
1847,1
1848,1
1849,1
1849,3
185,1
1850,1
1851,1
1852,1
1853,1
1854,1
1855,1
1856,1
1857,1
1858,1
1859,1
186,1
1860,1
1861,1
1862,1
1863,1
1863,3
1864,1
1865,1
1866,1
1867,1
1868,1
1869,1
187,1
1870,1
1871,1
1872,1
1873,1
1874,1
1875,1
1876,1
1877,1
1878,1
1879,1
188,1
1880,1
1881,1
1882,1
1883,1
1884,1
1885,1
1886,1
1887,1
1888,1
1889,1
189,1
1890,1
1891,1
1892,1
1893,1
1894,1
1895,1
1896,1
1897,1
1898,1
1899,1
1899,2
19,1
190,1
1900,1
1901,1
1902,1
1903,1
1904,1
1905,1
1906,1
1907,1
1908,1
1909,1
191,1
191,3
1910,1
1911,1
1912,1
1913,1
1914,1
1915,1
1917,1
1918,1
1919,1
192,1
1920,1
1921,1
1922,1
1923,1
1924,1
1926,1
1927,1
1928,1
1928,3
1929,1
193,1
1930,1
1931,1
1932,1
1933,1
1934,1
1935,1
1936,1
1937,1
1938,1
1939,1
194,1
1940,1
1941,1
1942,1
1943,1
1944,1
1945,1
1946,1
1947,1
1948,1
1949,1
195,1
1950,1
1951,1
1952,1
1953,1
1954,1
1955,1
1956,1
1957,1
1958,1
1959,1
196,1
1960,2
1962,2
1963,2
1963,3
1964,2
1965,2
1966,2
1967,2
1968,1
1968,2
197,1
1970,2
1971,2
1972,2
1973,2
1973,3
1974,2
1975,2
1976,2
1977,2
1978,1
1978,2
1979,2
198,1
198,2
1981,2
1983,2
1984,2
1984,3
1985,2
1986,2
1986,3
1987,2
1988,2
1988,3
199,1
1990,2
1990,3
1991,2
1993,2
1996,2
1997,2
1998,2
1999,2
2,1
20,1
200,1
2000,2
2000,3
2001,2
2002,2
2002,3
2004,2
2005,2
2006,2
2006,3
2007,2
2008,2
201,1
2010,2
2010,3
2012,2
2013,2
2014,2
2015,2
2015,3
2017,2
2019,2
202,1
2020,2
2021,2
2022,2
2023,2
2024,2
2025,2
2026,2
2026,3
2027,2
2027,3
2028,2
203,1
2030,2
2032,2
2032,3
2033,2
2034,1
2034,2
2034,3
2035,2
2036,2
2036,3
2037,2
2039,2
204,1
2040,2
2040,3
2042,2
2043,2
2044,2
2047,2
2049,2
2049,3
205,1
2050,2
2051,2
2052,2
2054,2
2055,2
2056,2
2057,2
2058,2
2059,2
206,1
2060,2
2061,2
2062,2
2064,2
2065,2
2066,2
2067,2
2067,3
2068,2
2069,2
2069,3
207,1
207,2
2070,2
2071,2
2072,2
2073,2
2073,3
2074,2
2075,2
2076,2
2077,2
2078,2
2078,3
2079,2
208,1
2080,2
2082,2
2083,2
2084,2
2085,2
2086,2
2087,2
2088,2
2089,2
209,1
2090,2
2091,2
2092,2
2093,2
2094,2
2095,2
2095,3
2096,2
2097,2
2098,2
2099,2
21,1
210,1
2100,2
2103,2
2104,2
2104,3
2105,2
2106,2
2107,2
2108,2
2109,2
211,1
2110,2
2111,2
2112,2
2113,2
2114,2
2115,2
2116,2
2117,2
2117,3
2118,1
2118,2
2119,2
212,1
2120,2
2122,2
2123,2
2124,2
2125,2
2126,2
2127,2
2128,2
2129,2
213,1
213,3
2131,2
2132,2
2133,2
2134,2
2135,2
2136,2
2137,2
2138,2
2139,2
214,1
2140,2
2141,2
2142,2
2143,2
2144,2
2145,2
2146,2
2147,2
2148,2
2149,2
215,1
2150,2
2151,2
2152,1
2152,1
2152,2
2152,3
2153,2
2154,2
2155,2
2157,2
2158,2
2159,2
216,1
216,2
2160,2
2161,2
2162,2
2163,2
2164,2
2165,2
2167,2
2167,3
2168,2
2169,2
2169,3
217,1
2170,1
2170,2
2171,2
2173,2
2174,2
2175,2
2176,2
2177,2
2179,2
218,1
2180,2
2181,2
2182,2
2182,3
2183,2
2184,2
2185,2
2186,2
2187,2
2188,2
2189,2
219,1
219,2
219,3
2192,2
2193,2
2194,2
2195,2
2196,2
2197,2
2198,2
2198,3
2199,2
22,1
220,1
2200,2
2201,2
2202,2
2203,2
2204,2
2206,2
2207,2
2209,2
221,1
2210,2
2211,2
2211,3
2212,2
2212,3
2213,2
2214,2
2215,2
2216,2
2218,2
2218,3
2219,2
222,1
2220,2
2221,2
2222,2
2223,2
2224,1
2224,2
2227,2
2228,2
2229,2
223,1
223,2
2230,2
2231,2
2233,2
2234,2
2235,2
2236,2
2237,2
2238,2
2238,3
2239,2
224,1
2240,2
2241,2
2242,2
2243,2
2244,2
2246,2
2246,3
2247,2
2248,2
2249,2
225,1
2250,2
2251,2
2251,3
2252,2
2253,2
2253,3
2254,2
2254,3
2255,2
2255,3
2256,2
2257,2
2258,2
2259,2
226,1
2261,2
2262,2
2263,2
2264,2
2265,2
2266,2
2267,2
2268,2
2269,2
227,1
2270,2
2272,2
2273,2
2274,2
2275,2
2276,2
2277,2
2278,2
2279,2
228,1
2280,1
2280,2
2282,2
2282,3
2284,2
2285,2
2286,2
2287,2
2288,2
2288,3
2289,2
2289,3
229,1
2290,2
2291,2
2292,2
2293,2
2294,2
2295,2
2296,2
2297,2
2298,2
2299,2
23,1
230,1
2300,2
2301,2
2301,3
2302,2
2302,3
2303,2
2305,2
2307,2
2308,2
2308,3
2309,2
231,1
2310,2
2311,2
2312,2
2313,2
2315,2
2316,2
2317,2
2318,2
2319,2
232,1
2320,2
2321,2
2322,1
2322,2
2323,1
2323,2
2325,2
2326,2
2327,2
2328,2
2329,2
233,1
2330,2
2331,2
2332,2
2332,3
2333,2
2335,2
2336,2
2337,2
2338,2
2339,2
234,1
2340,2
2340,3
2341,2
2342,2
2343,2
2344,1
2344,2
2345,2
2346,2
2347,2
2348,2
2349,2
235,1
235,2
2352,2
2353,2
2354,2
2355,2
2356,2
2357,2
2358,2
236,1
2360,2
2361,2
2362,2
2363,2
2364,2
2365,2
2366,2
2367,1
2367,2
2368,2
2369,1
2369,2
237,1
237,2
2370,2
2371,2
2371,3
2372,2
2372,3
2373,2
2374,2
2375,2
2376,2
2377,2
2378,2
2379,2
238,1
2380,2
2382,2
2383,2
2384,2
2385,2
2387,2
2388,2
239,1
2390,2
2391,2
2392,2
2393,2
2395,2
2396,1
2396,2
2397,2
2398,2
2399,2
24,1
240,1
2400,2
2401,2
2403,2
2404,2
2405,2
2406,2
2407,2
2408,2
2409,2
241,1
2410,2
2412,2
2414,2
2415,2
2416,2
2417,2
2418,2
2418,3
2419,2
242,1
2420,2
2421,2
2422,2
2424,2
2425,2
2426,2
2427,2
2428,2
2429,2
2429,3
243,1
2430,2
2431,2
2432,2
2434,2
2435,2
2436,2
2437,2
2438,2
2439,2
244,1
2440,2
2442,2
2443,1
2443,2
2444,2
2445,2
2446,2
2448,2
2449,2
245,1
2450,2
2452,2
2453,2
2455,2
2456,2
2457,2
2458,2
2459,2
2459,3
246,1
2460,2
2461,2
2462,2
2464,1
2464,2
2465,2
2466,2
2467,2
2468,2
2469,2
247,1
2470,2
2471,2
2472,2
2473,2
2474,2
2475,2
2475,3
2476,2
2478,2
2479,2
248,1
2480,2
2481,2
2482,1
2482,2
2483,2
2485,2
2486,2
2487,2
2488,2
2489,2
249,1
249,2
249,3
2490,2
2491,2
2492,2
2493,2
2494,2
2497,2
2499,2
25,1
250,1
2500,2
2501,2
2502,2
2503,2
2504,2
2506,2
2506,3
2508,2
2509,2
251,1
2510,2
2511,2
2511,3
2512,2
2513,2
2514,2
2515,2
2516,2
2517,2
2518,2
2519,2
252,1
2520,2
2522,2
2522,3
2523,2
2525,2
2526,2
2527,2
2528,2
253,1
2530,2
2531,2
2532,2
2533,2
2535,2
2536,2
2537,2
2537,3
2538,2
2538,3
2539,2
254,1
2540,2
2541,2
2542,2
2543,2
2543,3
2544,1
2544,2
2545,2
2546,2
2547,2
2548,2
255,1
255,2
2550,2
2551,2
2553,2
2554,2
2555,2
2555,3
2556,2
2557,2
2558,2
2559,2
256,1
2560,2
2561,2
2561,3
2562,2
2563,2
2564,1
2564,2
2566,2
2567,2
2569,2
2569,3
257,1
2570,2
2571,2
2572,2
2573,2
2574,2
2576,2
2577,2
2578,2
2579,2
258,1
2580,2
2581,2
2582,2
2583,2
2584,2
2585,2
2586,2
2587,2
2588,2
2589,2
2589,3
259,1
259,2
2590,2
2592,2
2593,2
2594,2
2595,1
2595,2
2596,2
2597,2
2598,2
26,1
26,2
260,1
2600,2
2601,2
2602,2
2603,2
2604,2
2605,2
2606,2
2607,2
2608,2
261,1
2610,2
2611,2
2612,2
2614,2
2615,2
2616,1
2616,2
2617,2
2617,3
2618,2
2619,2
262,1
2620,2
2621,2
2622,2
2623,2
2624,2
2625,2
2626,2
2627,2
2628,2
2629,2
263,1
2630,2
2631,2
2632,2
2633,2
2634,2
2635,2
2636,2
2637,1
2637,2
2638,2
2639,2
264,1
2640,2
2640,3
2641,2
2642,2
2643,2
2644,2
2645,2
2646,2
2648,2
2649,2
2649,3
265,1
2650,2
2651,2
2652,2
2653,2
2654,2
2655,2
2655,3
2656,2
2657,2
2658,2
2658,3
266,1
2660,2
2661,2
2662,2
2663,2
2664,2
2665,2
2666,2
2667,2
2668,2
2668,3
2669,2
267,1
2670,2
2671,2
2672,2
2673,2
2674,2
2675,2
2675,3
2676,2
2677,2
2678,2
2679,2
268,1
2681,2
2682,2
2683,2
2684,2
2685,2
2686,2
2686,3
2687,2
2688,2
2689,2
269,1
2690,2
2692,2
2694,2
2695,2
2696,2
2697,2
2698,2
2698,3
2699,2
27,1
270,1
270,2
2700,2
2701,2
2702,2
2703,2
2704,2
2705,2
2706,2
2707,2
2708,2
2709,2
271,1
2710,2
2711,2
2712,2
2713,2
2714,2
2715,2
2716,1
2716,2
2716,3
2717,2
2718,2
2719,2
2720,2
2721,2
2722,2
2723,2
2724,2
2725,2
2726,2
2727,2
2728,2
2729,2
273,1
2730,2
2731,2
2732,2
2733,2
2734,2
2735,2
2735,3
2736,2
2737,2
2738,2
2739,2
274,1
2740,2
2741,2
2742,2
2743,2
2744,2
2745,2
2747,2
2748,2
2748,3
2749,2
275,1
2750,2
2751,2
2752,2
2753,1
2753,2
2754,2
2755,2
2755,3
2756,2
2757,2
2758,2
2759,2
276,1
276,2
2760,2
2761,2
2762,2
2763,2
2764,2
2766,2
2767,2
2768,2
2769,1
2769,2
277,1
2770,2
2771,2
2772,2
2773,2
2774,2
2776,2
2777,2
2778,2
2779,2
278,1
2780,2
2781,2
2782,2
2783,2
2784,2
2785,2
2786,1
2786,2
2787,2
2789,2
279,1
2790,2
2790,3
2791,2
2791,3
2792,2
2793,2
2794,2
2795,2
2796,2
2797,2
2798,2
2799,2
28,1
280,1
2800,2
2801,2
2802,2
2803,1
2803,2
2804,2
2805,2
2806,2
2807,2
2807,3
2808,2
2808,3
2809,2
281,1
2810,2
2811,2
2812,2
2813,2
2814,2
2815,2
2816,2
2817,1
2817,2
2818,2
2819,2
282,1
2820,2
2821,2
2822,2
2823,2
2823,3
2824,2
2825,2
2826,2
2827,2
2828,2
2829,2
283,1
2830,2
2831,2
2832,2
2833,2
2834,2
2835,2
2836,2
2837,2
2838,2
2839,2
284,1
284,3
2840,2
2841,2
2842,2
2843,2
2844,2
2844,3
2845,2
2846,1
2846,2
2847,2
2848,2
2849,2
285,1
2850,2
2851,2
2852,2
2853,2
2855,2
2856,1
2856,2
2857,2
2859,2
286,1
2860,2
2861,2
2865,2
2865,3
2866,2
2867,2
2868,2
2869,2
287,1
2870,2
2872,2
2873,2
2873,3
2874,2
2875,2
2876,2
2877,2
2878,2
2879,2
288,1
2881,2
2882,2
2883,2
2884,2
2885,2
2886,2
2887,2
2888,2
2889,2
289,1
2890,2
2891,2
2892,2
2893,2
2893,3
2894,2
2895,2
2896,2
2896,3
2897,2
2898,2
2899,2
29,1
290,1
2900,2
2901,2
2902,2
2903,2
2904,2
2905,2
2906,2
2907,2
2908,2
2909,2
291,1
2910,2
2911,2
2912,2
2913,2
2914,2
2915,2
2916,2
2917,2
2918,2
2918,3
2919,2
292,1
2920,2
2921,2
2922,2
2923,2
2924,2
2925,2
2926,2
2927,2
2928,2
2929,2
293,1
2932,2
2933,2
2934,2
2935,2
2936,2
2937,2
2938,2
2939,2
294,1
2940,2
2941,2
2942,2
2943,2
2944,2
2945,2
2946,2
2947,2
2949,2
295,1
295,2
295,3
2950,2
2951,2
2952,2
2953,2
2954,2
2955,2
2956,2
2958,2
2959,2
296,1
2960,2
2960,3
2961,2
2962,2
2964,2
2965,2
2965,3
2966,2
2968,2
2968,3
2969,2
297,1
2970,2
2970,3
2971,2
2971,3
2972,2
2973,2
2974,2
2975,2
2976,2
2977,2
2978,2
298,1
2980,2
2981,2
2981,3
2982,2
2983,2
2984,2
2985,2
2986,2
2987,2
2988,2
2989,2
299,1
2990,2
2992,2
2993,2
2994,2
2995,2
2996,2
2997,2
2998,2
2999,2
3,1
3,2
30,1
30,2
300,1
3000,2
3002,2
3003,2
3004,2
3005,2
3006,2
3007,2
3008,2
3009,2
301,1
3010,2
3011,2
3012,2
3014,2
3015,2
3016,2
3017,2
3018,2
3019,2
302,1
3020,2
3022,2
3023,2
3024,2
3025,2
3026,2
3027,2
3027,3
3028,2
3029,2
303,1
3030,1
3030,2
3031,1
3031,2
3032,2
3033,2
3034,2
3034,3
3035,2
3036,2
3037,2
3038,2
3039,2
3039,3
304,1
304,2
3040,2
3041,2
3042,2
3043,2
3044,2
3045,2
3046,2
3047,2
3048,2
3048,3
3049,2
305,1
3050,2
3051,2
3052,2
3052,3
3053,2
3054,2
3055,2
3056,2
3057,2
3057,3
3058,2
3059,2
306,1
3060,2
3061,2
3062,2
3063,2
3064,2
3065,2
3068,2
3069,2
307,1
3070,2
3071,2
3072,2
3073,2
3074,2
3075,2
3076,2
3077,2
3078,2
3079,2
308,1
3080,2
3081,2
3082,2
3083,2
3084,2
3084,3
3085,2
3086,2
3087,2
3088,2
3088,3
3089,2
309,1
3090,2
3091,2
3092,2
3093,2
3094,2
3095,2
3096,2
3097,2
3098,2
3099,2
31,1
31,2
310,1
3100,2
3101,2
3102,2
3103,1
3103,2
3104,2
3105,2
3106,2
3107,2
3109,2
311,1
3110,2
3111,2
3111,3
3113,2
3114,2
3115,2
3116,2
3117,2
3118,2
3119,2
312,1
3120,2
3121,2
3122,2
3123,2
3124,2
3125,2
3126,2
3127,2
3128,2
3129,1
3129,2
313,1
3130,2
3131,2
3132,2
3133,2
3134,2
3135,2
3136,2
3137,2
3138,2
3139,2
314,1
3140,2
3141,2
3142,2
3143,2
3144,2
3145,2
3146,2
3147,2
3148,2
3149,2
315,1
315,2
315,3
3150,2
3151,2
3152,2
3153,2
3154,2
3155,2
3156,2
3157,2
3157,3
3158,2
3159,2
316,1
3160,2
3162,2
3163,1
3163,2
3164,2
3165,2
3166,2
3167,2
3168,2
3169,2
317,1
317,2
3170,2
3171,2
3172,2
3173,2
3173,3
3174,2
3175,2
3176,2
3177,2
3178,2
3179,2
318,1
3180,2
3181,2
3182,2
3183,2
3184,2
3185,2
3186,2
3187,2
3188,2
3189,2
319,1
3190,1
3190,2
3191,2
3192,2
3193,2
3194,2
3195,2
3196,1
3196,2
3197,2
3198,2
3199,2
32,1
320,1
3200,2
3201,2
3202,2
3203,2
3204,2
3205,2
3206,2
3207,2
3209,2
3209,3
321,1
321,2
3210,2
3211,2
3212,2
3212,3
3213,2
3214,2
3215,2
3216,2
3217,2
3218,2
3219,2
322,1
322,2
3220,2
3221,2
3223,2
3224,2
3225,2
3226,2
3227,2
3227,3
3229,2
323,1
323,1
3230,2
3231,2
3232,2
3233,2
3234,2
3235,2
3236,2
3237,2
3238,2
3239,2
324,1
3240,2
3241,2
3242,2
3243,2
3244,2
3245,2
3246,2
3247,2
3248,2
3249,2
325,1
3250,2
3251,2
3252,2
3253,2
3254,2
3255,2
3256,2
3257,2
3258,2
3259,2
326,1
3260,2
3261,2
3262,2
3263,2
3264,2
3265,2
3266,2
3267,2
3268,2
3269,2
327,1
3270,2
3271,2
3272,2
3273,2
3274,2
3274,3
3275,2
3276,2
3277,2
3278,2
3279,2
328,1
3280,2
3281,2
3282,2
3283,2
3284,2
3285,2
3286,2
3287,1
3287,2
3288,2
3289,2
329,1
3290,2
3291,2
3292,2
3293,2
3294,2
3295,2
3296,2
3297,2
3298,2
3299,2
33,1
330,1
3300,2
3301,2
3302,2
3303,2
3304,2
3305,2
3306,2
3307,2
3308,2
3309,2
331,1
3310,2
3311,2
3312,2
3313,2
3314,2
3315,2
3316,2
3317,2
3318,2
3318,3
3319,2
332,1
332,2
3320,2
3321,2
3321,3
3322,2
3323,2
3324,2
3325,2
3326,2
3327,2
3328,2
3329,2
333,1
333,2
3330,2
3331,2
3332,2
3333,2
3334,2
3335,2
3336,2
3338,2
3339,2
334,1
3340,2
3341,2
3342,2
3343,2
3344,2
3345,2
3346,2
3347,2
3348,2
3349,2
335,1
3350,2
3351,2
3352,2
3353,2
3354,2
3355,2
3356,2
3357,2
3358,2
3359,2
336,1
3360,2
3361,2
3362,2
3363,2
3364,2
3365,2
3366,2
3367,2
3368,2
3369,1
3369,2
337,1
3370,2
3371,2
3372,2
3373,2
3374,2
3375,2
3376,2
3377,2
3378,2
3379,2
338,1
3380,2
3381,1
3381,2
3382,2
3383,2
3384,2
3385,2
3386,2
3387,2
3388,2
3389,2
339,1
339,2
3390,2
3391,2
3392,2
3393,2
3394,2
3395,2
3396,2
3396,3
3397,2
3398,2
3399,2
34,1
340,1
3400,2
3401,2
3402,2
3403,2
3404,2
3405,2
3406,2
3407,2
3408,2
3409,2
341,1
3411,2
3412,2
3413,2
3414,2
3415,2
3416,2
3417,2
3418,2
3419,2
342,1
3420,2
3421,2
3422,2
3423,2
3424,2
3425,2
3426,2
3427,2
3428,2
3429,2
343,1
3430,2
3431,2
3432,2
3433,2
3434,2
3435,2
3436,2
3437,2
3438,2
3439,2
344,1
3440,2
3441,2
3442,2
3443,2
3444,2
3445,2
3446,2
3447,2
3448,2
3449,2
345,1
3450,2
3451,2
3451,3
3452,2
3453,2
3454,2
3455,2
3456,2
3457,2
3458,2
3459,2
346,1
3460,2
3461,2
3462,2
3463,2
3464,2
3465,2
3466,2
3467,2
3468,2
3469,2
3469,3
347,1
3470,2
3471,2
3471,3
3472,2
3473,2
3473,3
3474,2
3475,2
3476,2
3476,3
3477,2
3478,2
3479,2
348,1
3480,2
3480,3
3481,2
3482,2
3483,2
3484,2
3485,2
3486,2
3487,2
3488,2
3489,2
349,1
3490,2
3491,2
3492,2
3493,2
3494,2
3495,2
3495,3
3496,2
3497,2
3498,2
3499,2
35,1
350,1
350,3
3500,2
3501,2
3501,3
3502,2
3503,2
3504,2
3505,2
3505,3
3506,2
3507,2
3507,3
3508,2
3509,2
351,1
3510,2
3511,2
3512,2
3513,2
3514,2
3515,1
3515,2
3516,2
3517,2
3518,2
3519,2
352,1
352,3
3520,2
3521,2
3522,2
3523,2
3524,2
3524,3
3525,2
3526,2
3527,2
3528,2
3529,2
353,1
3530,2
3531,2
3532,2
3533,2
3535,2
3536,2
3537,2
3538,2
3539,2
354,1
3540,2
3540,3
3541,2
3542,2
3543,2
3544,2
3545,2
3546,2
3546,3
3547,2
3548,2
3549,2
355,1
3550,2
3551,2
3552,2
3553,2
3554,2
3555,2
3556,2
3557,2
3558,2
3559,2
356,1
3560,2
3561,2
3562,2
3563,2
3564,2
3565,2
3566,2
3567,2
3568,2
3569,2
357,1
3570,2
3571,2
3572,2
3573,2
3574,2
3575,2
3576,2
3577,2
3578,2
3579,2
358,1
358,2
358,3
3581,3
3583,3
3584,3
3585,3
3588,3
359,1
3590,3
3591,1
3591,3
3592,3
3594,3
3595,3
3597,3
36,1
36,2
360,1
3600,3
3601,3
3603,3
3604,3
3605,2
3605,3
3607,3
3609,3
361,1
3611,3
3612,3
3614,3
3615,3
3616,3
362,1
3620,3
3622,3
3624,3
3626,3
3627,3
3628,3
3629,3
363,1
3630,3
3633,3
3634,3
3635,3
3636,3
3637,3
3638,3
3639,3
364,1
3640,3
3641,3
3644,3
3646,3
3647,3
3649,3
365,1
3650,3
3651,3
3652,3
3653,3
3654,3
3655,3
3656,3
3659,3
366,1
3660,3
3661,3
3662,3
3663,3
3667,3
3668,3
367,1
3671,3
3672,3
3673,3
3674,3
3675,3
3676,3
3677,3
3678,3
368,1
3682,3
3683,3
3684,3
3685,3
3686,3
3687,3
3688,3
3689,3
369,1
3691,3
3692,3
3693,3
3694,3
3695,3
3696,3
37,1
370,1
370,2
3700,3
3703,3
3704,3
3705,3
3707,3
3708,3
371,1
3713,3
3714,3
3715,3
3716,3
3717,3
3719,3
372,1
3720,3
3721,3
3722,3
3724,3
3726,3
3727,3
373,1
373,2
373,3
3730,3
3732,3
3733,3
3734,3
3736,3
3737,3
3738,3
374,1
3741,3
3743,3
3744,3
3745,3
3746,3
3747,3
3749,3
375,1
3750,3
3751,3
3752,3
3753,3
3754,3
3755,3
3757,3
3759,3
376,1
3760,3
3761,3
3762,3
3766,3
3767,3
3769,1
3769,3
377,1
3770,3
3771,3
3772,3
3773,3
3776,3
3777,3
3778,3
3779,3
378,1
3780,3
3781,3
3782,3
3783,3
3784,3
3785,3
3787,3
3788,3
3789,3
379,1
3790,3
3791,3
3793,3
3794,3
3795,3
3796,3
3797,3
3799,2
3799,3
38,1
38,2
38,3
380,1
3800,3
3802,3
3803,3
3804,3
3805,3
3806,3
3807,3
3809,3
381,1
381,3
3811,3
3812,3
3813,3
3814,3
3816,3
3817,3
3818,3
3819,3
382,1
3821,3
3822,3
3825,3
3827,3
3828,3
3829,3
383,1
3830,3
3832,3
3833,3
3834,3
3835,3
3836,3
3837,3
3838,3
384,1
3841,3
3842,3
3844,3
3845,3
3846,3
3848,3
3849,3
385,1
3851,3
3852,3
3855,3
3856,3
3857,3
3858,3
3859,3
386,1
386,2
3861,3
3862,3
3863,3
3864,3
3865,3
3867,3
3868,3
3869,3
387,1
3870,3
3871,3
3872,3
3873,3
3875,3
3876,3
3877,3
3878,3
388,1
3880,3
3881,3
3882,3
3883,3
3884,3
3885,3
3887,3
389,1
3890,3
3891,3
3893,3
3894,3
3896,3
3897,3
3898,3
3899,3
39,1
390,1
3900,3
3902,3
3903,3
3904,3
3905,3
3906,3
3908,1
3908,3
3909,3
391,1
391,2
3910,3
3911,3
3912,3
3913,3
3914,3
3915,3
3916,3
3917,3
3918,3
3919,3
392,1
3920,3
3922,3
3923,3
3924,3
3925,3
3926,3
3927,3
3928,3
393,1
393,2
3930,3
3931,3
3932,3
3933,3
3935,3
3936,3
3937,3
3938,3
3939,3
394,1
3940,3
3941,3
3942,3
3944,3
3945,3
3946,3
3947,3
3948,3
3949,3
395,1
3950,3
3951,3
3952,3
3953,3
3954,3
3955,3
3956,3
3957,3
396,1
3961,3
3962,3
3963,3
3964,3
3965,3
3966,3
3967,3
3968,3
3969,3
397,1
3972,3
3973,3
3974,3
3975,3
3976,3
3977,3
3978,3
3979,3
398,1
3980,3
3981,3
3983,3
3984,3
3985,3
3986,3
3987,3
3989,3
399,1
3990,3
3992,3
3993,3
3995,3
3996,3
3997,3
3998,3
3999,3
4,1
40,1
400,1
4000,3
4001,3
4002,3
4003,3
4004,3
4005,3
4006,3
4008,3
4009,3
401,1
4010,3
4011,1
4011,3
4013,3
4014,3
4015,3
4017,3
4018,3
4019,3
402,1
4020,3
4021,3
4022,3
4024,3
4025,3
4026,3
4028,3
4029,3
403,1
4030,3
4031,3
4033,3
4034,3
4035,3
4036,3
4038,3
4039,3
404,1
404,3
4040,3
4041,3
4042,3
4044,3
4045,3
4046,3
4047,3
4048,3
4049,3
405,1
405,3
4051,3
4052,3
4053,3
4054,3
4055,3
4057,3
4058,1
4058,3
4059,3
406,1
4060,3
4061,3
4062,3
4063,3
4064,3
4065,3
4066,3
4067,3
4068,3
4069,3
407,1
4070,3
4072,3
4073,3
4074,3
4076,3
4077,3
4078,3
4079,3
408,1
4080,3
4081,3
4082,3
4083,3
4084,3
4085,3
4087,3
4088,3
4089,3
409,1
4090,3
4091,3
4092,3
4093,3
4094,3
4095,3
4096,3
4097,3
4098,3
4099,3
41,1
41,2
41,3
410,1
4102,3
4105,3
4107,3
4108,3
4109,3
411,1
4110,3
4111,3
4112,3
4114,3
4116,3
4118,3
412,1
4120,3
4122,3
4123,3
4124,3
4125,3
4126,3
4127,3
4129,3
413,1
413,3
4130,3
4131,3
4132,3
4133,3
4135,3
4136,3
4137,3
4138,3
4139,3
414,1
4140,3
4141,3
4142,3
4143,3
4144,3
4145,3
4146,3
4148,3
4149,3
415,1
4150,3
4151,3
4153,3
4154,3
4155,3
4156,3
4157,3
4158,3
4159,3
416,1
4160,3
4161,3
4162,3
4163,3
4165,3
4166,3
4168,3
4169,3
417,1
4170,3
4171,3
4172,3
4173,3
4174,3
4175,3
4176,3
4177,3
4178,3
4179,3
418,1
4180,3
4183,3
4184,3
4185,3
4187,3
4188,3
4189,3
419,1
419,2
4190,3
4191,3
4192,3
4193,2
4193,3
4194,3
4195,3
4196,3
4197,3
4198,3
4199,3
42,1
420,1
4200,3
4201,3
4202,3
4203,3
4204,3
4205,3
4206,3
4207,3
4208,3
4209,3
421,1
421,3
4210,3
4211,3
4212,3
4214,3
4215,3
4216,3
4217,3
4218,3
4219,3
422,1
4220,3
4221,3
4223,3
4224,3
4225,3
4226,3
4227,3
4228,3
4229,3
423,1
4230,3
4231,3
4232,3
4233,3
4234,3
4235,3
4236,3
4237,3
4239,3
424,1
4240,3
4241,3
4242,3
4243,3
4244,3
4245,3
4246,3
4248,3
4249,3
425,1
4250,3
4251,3
4252,3
4253,3
4254,3
4255,3
4256,3
4257,3
4259,3
426,1
4260,3
4262,3
4263,3
4264,3
4265,3
4266,3
4267,3
4269,3
427,1
427,2
427,3
4270,3
4271,3
4272,3
4273,3
4274,1
4274,3
4276,3
4277,3
4278,3
4279,3
428,1
4280,3
4281,3
4282,3
4283,3
4284,3
4285,3
4286,3
4287,3
4288,3
4289,3
429,1
4290,3
4291,3
4292,3
4293,3
4294,3
4295,3
4296,3
4297,3
4298,3
4299,3
43,1
430,1
4300,3
4301,3
4302,3
4303,3
4304,3
4305,3
4306,3
4307,3
4308,3
4309,3
431,1
4310,3
4311,3
4312,3
4313,3
4315,3
4316,3
4317,3
4318,3
4319,3
432,1
4320,3
4321,3
4322,3
4323,3
4324,3
4325,3
4326,3
4327,3
4328,3
4329,3
433,1
4330,3
4331,3
4332,3
4334,3
4335,3
4336,3
4337,3
4338,3
4339,3
434,1
434,3
4340,3
4341,3
4342,3
4344,3
4345,3
4346,3
4347,3
4348,3
4349,3
435,1
435,3
4350,3
4351,3
4352,3
4353,3
4354,3
4355,3
4356,3
4357,3
4358,3
4359,3
436,1
436,3
4360,3
4361,1
4361,3
4362,3
4363,3
4364,3
4365,3
4366,3
4367,3
4368,3
4369,3
437,1
4370,3
4372,3
4373,3
4374,3
4375,3
4376,3
4377,3
4378,3
4379,3
438,1
4380,3
4381,3
4383,3
4384,3
4386,3
4387,3
4389,3
439,1
4390,3
4391,3
4392,3
4393,3
4394,3
4395,3
4396,3
4397,3
4398,3
44,1
440,1
440,2
4400,3
4403,3
4404,3
4405,3
4406,3
4407,3
4408,3
4409,3
441,1
4410,3
4411,3
4412,3
4413,3
4414,3
4415,3
4416,3
4417,1
4417,2
4417,3
4418,3
4419,3
442,1
4420,3
4421,3
4422,3
4423,3
4424,3
4425,3
4426,3
4427,3
4428,3
443,1
4430,3
4431,3
4432,3
4433,3
4434,3
4435,3
4436,3
4437,3
4438,3
4439,3
444,1
444,2
4440,3
4441,3
4442,3
4443,3
4445,3
4446,3
4447,3
4448,3
4449,3
445,1
4450,3
4451,3
4452,3
4453,3
4454,3
4455,3
4456,3
4457,3
4458,3
4459,3
446,1
4460,3
4461,3
4462,3
4463,3
4464,3
4465,3
4466,3
4467,3
4468,3
4469,3
447,1
4470,3
4471,3
4473,3
4474,3
4475,3
4476,3
4477,3
4478,3
4479,3
448,1
4480,3
4481,3
4482,3
4483,3
4484,3
4485,3
4486,3
4487,3
4488,3
4489,3
449,1
4490,3
4491,3
4492,3
4493,3
4494,3
4495,3
4496,3
4497,3
4498,3
4499,3
45,1
450,1
4500,3
4501,3
4502,3
4503,3
4504,3
4505,3
4506,3
4507,3
4508,3
4509,3
451,1
4510,3
4511,3
4512,3
4513,3
4514,3
4515,3
4516,3
4517,3
4518,3
4519,3
452,1
4520,3
4521,3
4522,3
4523,3
4524,3
4525,3
4526,3
4527,3
4528,3
4529,3
453,1
453,2
453,3
4530,3
4531,3
4532,3
4533,3
4534,3
4535,3
4536,3
4537,3
4538,3
4539,3
454,1
4540,3
4541,3
4542,3
4543,3
4544,3
4545,3
4546,3
4547,3
4548,3
4549,3
455,1
4550,3
4551,3
4552,3
4553,3
4554,3
4555,3
4556,3
4557,3
4558,3
4559,3
456,1
4560,3
4561,3
4562,3
4563,3
4564,3
4565,3
4566,3
4567,3
4568,3
4569,3
457,1
4570,3
4571,3
4572,3
4573,3
4574,3
4575,3
4576,3
4577,3
4578,3
4579,3
458,1
4581,3
4582,3
4583,3
4584,3
4585,3
4586,3
4587,3
4588,3
4589,3
459,1
4590,3
4591,3
4593,3
4594,3
4595,3
4596,3
4597,3
4598,3
4599,3
46,1
460,1
460,3
4600,3
4601,3
4602,3
4603,3
4604,3
4605,3
4606,3
4607,3
4608,3
4609,3
461,1
4610,3
4611,3
4612,3
4613,3
4614,3
4615,3
4616,3
4617,3
4618,3
4619,3
462,1
4620,3
4622,3
4623,3
4624,3
4625,3
4626,3
4627,3
4628,3
4629,3
463,1
463,2
4630,3
4631,3
4632,3
4633,3
4634,3
4635,3
4636,3
4637,3
4638,3
4639,3
464,1
4640,3
4641,3
4642,3
4643,3
4644,3
4645,3
4646,3
4647,3
4648,3
4649,3
465,1
465,2
4650,3
4651,3
4652,3
4653,3
4654,3
4655,3
4656,3
4657,3
4658,3
4659,3
466,1
4660,3
4661,3
4662,3
4663,3
4664,3
4665,3
4666,3
4667,3
4668,3
4669,3
467,1
467,3
4670,3
4671,3
4672,3
4673,3
4675,3
4676,3
4677,3
4678,3
4679,3
468,1
4680,3
4681,3
4682,3
4683,3
4684,3
4685,3
4686,3
4687,3
4688,3
4689,3
469,1
4690,3
4691,3
4692,3
4693,3
4694,3
4695,3
4696,3
4697,3
4698,3
4699,3
47,1
470,1
4701,3
4702,3
4703,3
4704,3
4705,3
4706,3
4707,3
4708,3
4709,3
471,1
4710,3
4711,3
4712,3
4713,3
4714,3
4715,3
4716,3
4717,3
4718,3
4719,3
472,1
4720,3
4721,3
4722,3
4723,3
4724,3
4725,3
4726,3
4727,3
4728,3
4729,3
473,1
473,2
4730,3
4731,3
4732,3
4733,3
4734,3
4735,3
4736,3
4737,3
4738,3
4739,3
474,1
4740,3
4741,3
4742,3
4743,3
4744,3
4745,3
4746,3
4747,3
4748,3
475,1
4750,3
4751,3
4752,3
4753,3
4754,3
4755,3
4756,3
4757,3
4758,3
4759,3
476,1
4760,3
4761,3
4762,3
4763,3
4764,3
4765,3
4766,3
4767,3
4768,3
4769,3
477,1
4770,3
4771,3
4772,3
4773,3
4774,3
4775,3
4776,3
4777,3
4778,3
4779,3
478,1
4780,3
4781,3
4782,3
4783,3
4784,3
4785,3
4786,3
4787,3
4788,3
4789,3
479,1
4790,3
4791,3
4792,3
4793,3
4794,3
4795,3
4796,3
4797,3
4798,3
4799,3
48,1
480,1
4801,3
4802,3
4803,3
4804,3
4805,3
4806,3
4807,3
4808,3
4809,3
481,1
4810,3
4811,3
4812,3
4813,3
4814,3
4815,3
4816,3
4817,3
4818,3
482,1
4820,3
4821,3
4822,3
4823,3
4824,3
4825,3
4826,3
4827,3
4828,3
4829,3
4830,3
4831,3
4832,3
4833,3
4834,3
4835,3
4836,3
4837,3
4838,3
4839,3
484,1
484,2
4840,3
4841,3
4842,3
4843,3
4844,3
4845,3
4846,3
4847,3
4848,3
4849,3
485,1
4850,3
4851,3
4852,3
4854,3
4856,3
4857,3
4858,3
4859,3
486,1
4860,3
4861,3
4862,3
4863,3
4864,3
4865,3
4866,3
4867,3
487,1
4870,3
4871,3
4872,3
4873,3
4874,3
4875,3
4876,3
4877,3
4879,3
488,1
4880,3
4881,3
4882,3
4884,3
4885,3
4886,3
4887,3
4888,3
4889,3
489,1
4890,3
4891,3
4892,3
4893,3
4894,3
4896,3
4897,2
4897,3
4898,3
4899,3
49,1
490,1
4900,3
4901,3
4902,3
4903,3
4904,3
4905,3
4906,3
4907,3
4908,3
4909,3
491,1
491,2
4910,3
4911,3
4912,3
4913,3
4914,3
4915,3
4916,3
4917,3
4918,3
4919,3
492,1
4920,3
4921,3
4922,3
4923,3
4924,3
4925,3
4926,3
4927,3
4928,3
493,1
4930,3
4931,3
4932,3
4934,3
4935,3
4936,3
4937,3
4938,3
4939,3
494,1
4940,3
4941,3
4943,3
4944,3
4945,3
4946,3
4947,3
4948,3
4949,3
495,1
4950,3
4951,3
4953,3
4954,3
4955,3
4956,3
4957,3
4959,3
496,1
4960,3
4961,3
4962,3
4963,3
4964,3
4965,3
4966,3
4967,3
4968,3
4969,3
497,1
4970,3
4971,3
4972,3
4973,3
4974,3
4975,3
4976,3
4977,3
4978,3
4979,3
498,1
4980,3
4981,3
4982,3
4983,3
4984,3
4985,3
4986,3
4987,3
4988,3
4989,3
499,1
4990,3
4991,3
4992,3
4993,3
4994,3
4995,3
4996,3
4997,3
4998,3
4999,3
5,1
50,1
500,1
5000,3
5001,3
5002,3
5003,3
5004,3
5005,3
5006,3
5007,3
5008,3
5009,3
501,1
5010,3
5011,3
5012,3
5013,3
5014,3
5015,3
5016,3
5017,1
5017,3
5018,3
5019,3
502,1
502,3
5020,3
5021,3
5022,3
5023,3
5024,3
5025,3
5026,3
5027,3
5028,3
5029,3
503,1
5030,3
5031,3
5032,3
5033,3
5034,3
5035,3
5036,3
5037,3
5038,3
5039,3
504,1
5040,3
5041,3
5042,3
5043,3
5044,3
5045,3
5046,3
5047,3
5048,3
5049,3
505,1
5050,3
5051,3
5053,3
5054,3
5055,3
5056,3
5057,3
5058,3
5059,3
506,1
506,2
5060,3
5061,3
5062,3
5063,3
5064,3
5066,3
5067,3
5068,3
5069,3
507,1
5070,3
5071,3
5072,3
5073,3
5074,3
5075,3
5076,3
5077,3
5078,3
5079,3
508,1
5080,3
5081,3
5082,3
5083,3
5084,3
5085,3
5086,3
5087,3
5088,3
5089,3
509,1
509,2
5090,3
5091,3
5092,3
5093,3
5094,3
5095,3
5096,3
5098,3
5099,3
51,1
510,1
5100,3
5101,3
5102,3
5103,3
5104,3
5105,3
5106,3
5107,3
5108,3
5109,3
511,1
5110,3
5111,3
5112,3
5113,3
5114,3
5115,3
5116,3
5117,3
5118,3
5119,3
512,1
5120,3
5121,3
5122,3
5123,3
5124,3
5125,3
5126,3
5127,3
5128,3
5129,3
513,1
513,2
5130,3
5131,3
5132,3
5133,3
5134,3
5135,3
5136,3
5137,3
5138,3
5139,3
514,1
5140,3
5141,3
5142,3
5143,3
5144,3
5145,3
5146,3
5147,3
5148,3
5149,3
515,1
5150,3
5151,3
5152,3
5153,3
5154,3
5155,3
5156,3
5157,3
5158,3
5159,3
516,1
5160,3
5161,3
5162,3
5163,3
5164,3
5165,3
5166,3
5167,3
5168,3
5169,3
517,1
5170,3
5171,3
5172,3
5173,3
5174,3
5175,3
5176,3
5177,3
5178,3
5179,3
518,1
518,2
518,3
5180,3
5181,3
5182,3
5183,3
5184,3
5185,3
5186,3
5187,3
5188,3
5189,3
519,1
5190,3
5191,3
5192,3
5193,3
5194,3
5195,3
5196,3
5197,3
5198,3
5199,3
52,1
520,1
5200,3
5201,3
5202,3
5203,3
5204,3
5205,3
5206,3
5207,3
5208,3
5209,3
521,1
5210,3
5211,3
5212,3
5213,3
5214,3
5215,3
5216,3
5217,3
5218,3
5219,3
522,1
5220,3
5221,3
5222,3
5223,3
5224,3
5225,3
5226,3
5227,3
5228,3
5229,3
523,1
5230,3
5231,3
5232,3
5233,3
5234,3
5235,3
5236,3
5237,3
5238,3
5239,3
524,1
5240,3
5241,3
5242,3
5243,3
5244,3
5245,3
5246,3
5247,3
5248,3
5249,3
525,1
5250,3
5251,3
5252,3
5253,3
5254,3
5255,3
5256,3
5257,3
5258,3
5259,3
526,1
5260,3
5261,3
5262,3
5263,3
5264,3
5265,3
5266,3
5267,3
5268,3
5269,3
527,1
5270,2
5270,3
5271,3
5272,3
5273,3
5274,3
5275,3
5276,3
5277,3
5278,3
5279,3
528,1
5280,3
5281,3
5282,3
5283,3
5284,3
5285,3
5286,3
5287,3
5288,3
5289,3
529,1
5290,3
5291,3
5292,3
5293,3
5294,3
5295,3
5296,3
5297,3
5298,3
5299,3
53,1
530,1
5300,3
5301,3
5302,3
5303,3
5304,3
5305,3
5306,3
5307,3
5308,3
5309,3
531,1
5310,3
5311,3
5312,3
5313,3
5314,3
5315,3
5316,3
5317,3
5318,3
5319,3
532,1
5320,3
5321,3
5322,3
5323,3
5324,3
5325,3
5326,3
5327,3
5328,3
5329,3
533,1
5330,3
5331,3
5332,3
5333,3
5334,3
5335,3
5336,3
5337,3
5338,3
5339,3
534,1
5340,3
5341,3
5342,3
5343,3
5344,3
5345,3
5346,3
5347,3
5348,3
5349,3
535,1
5350,3
5351,3
5352,3
5353,3
5354,3
5355,3
5356,3
5357,3
5358,3
5359,3
536,1
5360,3
5361,3
5362,3
5363,3
5364,3
5365,3
5366,3
5367,3
5368,3
5369,3
537,1
5370,3
5371,3
5372,3
5373,3
5374,3
5375,3
5376,1
5377,1
5379,1
538,1
5381,1
5382,1
5383,1
5384,1
5385,1
5385,1
5387,1
5388,1
539,1
5390,1
5391,1
5393,1
5394,1
5395,1
5396,1
5397,1
5398,1
5399,1
54,1
54,3
540,1
540,2
540,3
5400,1
5401,1
5402,1
5403,1
5404,1
5406,1
5407,1
5408,1
541,1
5410,1
5411,1
5412,1
5414,1
5415,1
5416,1
5417,1
5418,1
542,1
5420,1
5421,1
5422,1
5423,1
5424,1
5425,1
5425,1
5426,1
5427,1
5428,1
5429,1
543,1
5430,1
5431,1
5432,1
5434,1
5435,1
5436,1
5437,1
5438,1
5439,1
544,1
5440,1
5441,1
5442,1
5443,1
5444,1
5445,1
5447,1
5448,1
545,1
5450,1
5451,1
5452,1
5453,1
5454,1
5456,1
5457,1
5458,1
5459,1
546,1
5460,1
5461,1
5463,1
5464,1
5465,1
5466,1
5467,1
5468,1
5469,1
547,1
547,2
5470,1
5471,1
5472,1
5473,1
5474,1
5475,1
5476,1
5477,1
5478,1
5479,1
548,1
5480,1
5481,1
5482,1
5483,1
5484,1
5485,1
5486,1
5488,1
5489,1
549,1
5490,1
5492,1
5493,1
5494,1
5495,1
5496,1
5497,1
5498,1
55,1
55,2
550,1
5500,1
5501,1
5503,1
5504,1
5505,1
5507,1
5508,1
5509,1
551,1
5511,1
5512,1
5514,1
5515,1
5516,1
5517,1
5518,1
5519,1
552,1
5520,1
5521,1
5522,1
5523,1
5524,1
5525,1
5526,1
5527,1
5528,1
5529,1
553,1
5530,1
5531,1
5532,1
5533,1
5534,1
5535,1
5536,1
5537,1
5538,1
5539,1
554,1
5540,1
5541,1
5542,1
5543,1
5544,1
5545,1
5546,1
5548,1
5549,1
555,1
5550,1
5551,1
5552,1
5553,1
5554,1
5555,1
5556,1
5558,1
5559,1
556,1
5560,1
5561,1
5562,1
5563,1
5564,1
5565,1
5566,1
5567,1
5568,1
5569,1
557,1
5571,1
5573,1
5574,1
5575,1
5575,1
5575,2
5576,1
5577,1
5578,1
5579,1
558,1
5580,1
5581,1
5582,1
5583,1
5584,1
5585,1
5586,1
5587,1
5588,1
5589,1
559,1
559,2
5590,1
5591,1
5591,2
5592,1
5593,1
5594,1
5595,1
5596,1
5597,1
5598,1
5599,1
56,1
560,1
560,2
560,3
5601,1
5602,1
5603,1
5604,1
5605,1
5606,1
5607,1
5608,1
5609,1
561,1
5610,1
5611,1
5612,1
5613,1
5614,1
5615,1
5616,1
5618,1
5619,1
562,1
5620,1
5621,1
5622,1
5623,1
5624,1
5626,1
5627,1
5628,1
5629,1
563,1
563,2
5630,1
5631,1
5632,1
5633,1
5634,1
5635,1
5636,1
5637,1
5638,1
5639,1
564,1
5640,1
5641,1
5642,1
5643,1
5644,1
5645,1
5646,1
5647,1
5648,1
5649,1
565,1
5650,1
5650,1
5652,1
5653,1
5654,1
5655,1
5656,1
5657,1
5658,1
5659,1
566,1
566,3
5660,1
5661,1
5662,1
5663,1
5664,1
5665,1
5666,1
5667,1
5668,1
5669,1
567,1
5670,1
5671,1
5672,1
5673,1
5674,1
5675,1
5676,1
5677,1
5678,1
5679,1
568,1
568,2
568,3
5680,1
5681,1
5682,1
5683,1
5684,1
5685,1
5686,1
5687,1
5688,1
569,1
5690,1
5691,1
5692,1
5693,1
5694,1
5695,1
5696,1
5697,1
5698,1
5699,1
57,1
570,1
5700,1
5701,1
5702,1
5703,1
5704,1
5705,1
5706,1
5707,1
5709,1
571,1
571,2
5710,1
5711,1
5712,1
5713,1
5714,1
5715,1
5716,1
5717,1
572,1
573,1
574,1
575,1
576,1
577,1
578,1
579,1
58,1
580,1
581,1
582,1
583,1
584,1
585,1
586,1
587,1
588,1
589,1
59,1
590,1
591,1
592,1
593,1
594,1
595,1
596,1
597,1
598,1
599,1
6,1
6,3
60,1
600,1
601,1
602,1
602,2
602,3
603,1
604,1
605,1
606,1
607,1
608,1
609,1
61,1
610,1
611,1
612,1
613,1
614,1
614,2
615,1
616,1
617,1
618,1
619,1
62,1
620,1
621,1
622,1
623,1
624,1
625,1
626,1
627,1
627,2
628,1
629,1
63,1
630,1
631,1
632,1
633,1
634,1
635,1
636,1
637,1
638,1
639,1
64,1
640,1
641,1
642,1
643,1
644,1
645,1
646,1
646,2
647,1
647,2
647,3
648,1
649,1
65,1
650,1
651,1
652,1
653,1
654,1
655,1
656,1
656,2
657,1
658,1
659,1
66,1
66,2
660,1
661,1
662,1
663,1
664,1
665,1
666,1
667,1
668,1
668,2
669,1
67,1
67,2
670,1
671,1
672,1
673,1
673,2
673,3
674,1
675,1
676,1
677,1
678,1
679,1
68,1
680,1
681,1
682,1
683,1
684,1
684,2
685,1
686,1
687,1
688,1
689,1
689,2
69,1
690,1
691,1
692,1
692,2
693,1
694,1
695,1
696,1
697,1
698,1
699,1
7,1
7,4
70,1
70,2
700,1
701,1
702,1
703,1
704,1
705,1
706,1
707,1
708,1
709,1
71,1
710,1
711,1
712,1
713,1
714,1
715,1
716,1
717,1
718,1
719,1
72,1
720,1
721,1
722,1
723,1
724,1
725,1
726,1
727,1
728,1
729,1
73,1
73,2
730,1
731,1
732,1
732,2
732,3
733,1
734,1
735,1
736,1
737,1
738,1
739,1
74,1
74,3
740,1
741,1
742,1
743,1
744,1
745,1
746,1
747,1
748,1
749,1
75,1
750,1
751,1
752,1
753,1
754,1
754,2
755,1
756,1
757,1
758,1
759,1
76,1
760,1
760,2
761,1
762,1
763,1
764,1
765,1
766,1
767,1
768,1
769,1
77,1
770,1
771,1
772,1
772,2
773,1
774,1
775,1
776,1
777,1
778,1
779,1
78,1
780,1
781,1
782,1
783,1
784,1
785,1
786,1
787,1
788,1
789,1
79,1
790,1
791,1
792,1
793,1
794,1
795,1
796,1
797,1
798,1
799,1
8,1
80,1
800,1
801,1
802,1
803,1
804,1
805,1
806,1
807,1
808,1
809,1
81,1
810,1
811,1
812,1
813,1
814,1
815,1
816,1
817,1
818,1
819,1
82,1
820,1
821,1
822,1
823,1
824,1
825,1
826,1
827,1
828,1
829,1
83,1
830,1
830,2
831,1
832,1
833,1
834,1
835,1
836,1
836,1
837,1
838,1
839,1
84,1
840,1
841,1
842,1
843,1
844,1
845,1
846,1
847,1
848,1
849,1
85,1
85,2
85,3
850,1
851,1
852,1
853,1
854,1
855,1
856,1
857,1
858,1
859,1
86,1
860,1
860,3
861,1
862,1
863,1
864,1
864,3
865,1
866,1
867,1
868,1
869,1
87,1
87,2
870,1
871,1
871,2
872,1
873,1
874,1
874,3
875,1
876,1
877,1
878,1
879,1
88,1
880,1
881,1
882,1
883,1
884,1
885,1
886,1
887,1
888,1
889,1
89,1
890,1
891,1
892,1
893,1
894,1
895,1
896,1
897,1
898,1
899,1
9,1
90,1
900,1
901,1
902,1
903,1
904,1
905,1
906,1
907,1
908,1
909,1
91,1
91,2
910,1
911,1
911,3
912,1
913,1
914,1
915,1
916,1
917,1
918,1
919,1
92,1
920,1
921,1
922,1
923,1
923,1
924,1
925,1
926,1
927,1
928,1
929,1
93,1
93,2
930,1
931,1
932,1
933,1
934,1
935,1
936,1
937,1
938,1
939,1
94,1
940,1
941,1
942,1
943,1
944,1
945,1
946,1
947,1
948,1
949,1
949,3
95,1
95,2
950,1
951,1
952,1
953,1
954,1
955,1
956,1
957,1
958,1
959,1
96,1
960,1
961,1
962,1
963,1
964,1
965,1
966,1
967,1
968,1
969,1
97,1
970,1
971,1
972,1
973,1
973,3
974,1
975,1
976,1
977,1
978,1
979,1
98,1
980,1
981,1
982,1
983,1
984,1
985,1
986,1
987,1
988,1
989,1
99,1
99,2
990,1
991,1
992,1
993,1
994,1
995,1
996,1
997,1
998,1
999,1